time,loop_coherence,mean_memory,baseline_mean_magnitude,full_law_mean_magnitude,baseline_mean_gain,full_law_mean_gain,slip_energy
0.0000,0.992053,0.000000,0.060475,0.081473,1.000000,1.347219,0.000000
0.0500,0.991514,0.000351,0.118763,0.159988,1.000000,1.347030,0.004012
0.1000,0.990946,0.000685,0.174937,0.235573,1.000000,1.345650,0.004089
0.1500,0.990347,0.001003,0.229069,0.308329,1.000000,1.344319,0.004164
0.2000,0.989718,0.001307,0.281229,0.378357,1.000000,1.343034,0.004240
0.2500,0.989057,0.001596,0.331483,0.445751,1.000000,1.341788,0.004314
0.3000,0.988363,0.001872,0.379895,0.510604,1.000000,1.340581,0.004387
0.3500,0.987636,0.002136,0.426530,0.573003,1.000000,1.339407,0.004459
0.4000,0.986876,0.002388,0.471446,0.633034,1.000000,1.338264,0.004530
0.4500,0.986081,0.002629,0.514703,0.690779,1.000000,1.337150,0.004599
0.5000,0.985252,0.002860,0.556357,0.746319,1.000000,1.336061,0.004667
0.5500,0.984387,0.003081,0.596462,0.799730,1.000000,1.334995,0.004732
0.6000,0.983487,0.003293,0.635072,0.851085,1.000000,1.333951,0.004796
0.6500,0.982550,0.003496,0.672237,0.900456,1.000000,1.332926,0.004858
0.7000,0.981577,0.003690,0.708006,0.947913,1.000000,1.331919,0.004917
0.7500,0.980567,0.003876,0.742427,0.993521,1.000000,1.330929,0.004974
0.8000,0.979521,0.004054,0.775547,1.037345,1.000000,1.329953,0.005029
0.8500,0.978437,0.004225,0.807409,1.079447,1.000000,1.328990,0.005080
0.9000,0.977316,0.004389,0.838058,1.119887,1.000000,1.328041,0.005130
0.9500,0.976157,0.004546,0.867533,1.158722,1.000000,1.327102,0.005176
1.0000,0.974962,0.004695,0.895877,1.196009,1.000000,1.326175,0.005219
1.0500,0.973729,0.004839,0.923127,1.231802,1.000000,1.325258,0.005260
1.1000,0.972460,0.004976,0.949321,1.266153,1.000000,1.324349,0.005297
1.1500,0.971153,0.005106,0.974495,1.299111,1.000000,1.323450,0.005331
1.2000,0.969810,0.005231,0.998686,1.330727,1.000000,1.322559,0.005362
1.2500,0.968431,0.005349,1.021926,1.361046,1.000000,1.321677,0.005389
1.3000,0.967017,0.005462,1.044249,1.390115,1.000000,1.320802,0.005413
1.3500,0.965567,0.005568,1.065686,1.417977,1.000000,1.319934,0.005434
1.4000,0.964083,0.005670,1.086268,1.444675,1.000000,1.319074,0.005451
1.4500,0.962565,0.005765,1.106025,1.470250,1.000000,1.318222,0.005464
1.5000,0.961013,0.005855,1.124986,1.494742,1.000000,1.317376,0.005474
1.5500,0.959430,0.005939,1.143178,1.518189,1.000000,1.316538,0.005480
1.6000,0.957814,0.006018,1.160628,1.540629,1.000000,1.315707,0.005483
1.6500,0.956169,0.006091,1.177363,1.562096,1.000000,1.314884,0.005482
1.7000,0.954493,0.006160,1.193407,1.582627,1.000000,1.314068,0.005477
1.7500,0.952789,0.006222,1.208785,1.602254,1.000000,1.313260,0.005469
1.8000,0.951058,0.006280,1.223520,1.621011,1.000000,1.312460,0.005457
1.8500,0.949300,0.006332,1.237635,1.638928,1.000000,1.311669,0.005442
1.9000,0.947518,0.006379,1.251152,1.656037,1.000000,1.310886,0.005423
1.9500,0.945712,0.006421,1.264092,1.672366,1.000000,1.310111,0.005401
2.0000,0.943883,0.006458,1.276477,1.687944,1.000000,1.309346,0.005375
2.0500,0.942034,0.006490,1.288325,1.702800,1.000000,1.308590,0.005346
2.1000,0.940166,0.006517,1.299656,1.716958,1.000000,1.307844,0.005313
2.1500,0.938280,0.006539,1.310489,1.730446,1.000000,1.307108,0.005278
2.2000,0.936378,0.006556,1.320842,1.743289,1.000000,1.306383,0.005239
2.2500,0.934462,0.006568,1.330732,1.755510,1.000000,1.305668,0.005197
2.3000,0.932533,0.006575,1.340176,1.767134,1.000000,1.304964,0.005152
2.3500,0.930593,0.006578,1.349191,1.778182,1.000000,1.304273,0.005104
2.4000,0.928643,0.006576,1.357792,1.788677,1.000000,1.303593,0.005053
2.4500,0.926687,0.006570,1.365995,1.798641,1.000000,1.302925,0.005000
2.5000,0.924725,0.006559,1.373814,1.808093,1.000000,1.302270,0.004944
2.5500,0.922760,0.006544,1.381264,1.817054,1.000000,1.301628,0.004886
2.6000,0.920793,0.006524,1.388358,1.825543,1.000000,1.301000,0.004825
2.6500,0.918826,0.006501,1.395111,1.833579,1.000000,1.300385,0.004763
2.7000,0.916862,0.006473,1.401534,1.841181,1.000000,1.299785,0.004698
2.7500,0.914902,0.006441,1.407641,1.848364,1.000000,1.299199,0.004631
2.8000,0.912949,0.006406,1.413445,1.855148,1.000000,1.298628,0.004563
2.8500,0.911005,0.006366,1.418955,1.861548,1.000000,1.298072,0.004493
2.9000,0.909071,0.006324,1.424185,1.867580,1.000000,1.297531,0.004421
2.9500,0.907149,0.006277,1.429145,1.873259,1.000000,1.297007,0.004349
3.0000,0.905243,0.006228,1.433846,1.878601,1.000000,1.296498,0.004275
3.0500,0.903353,0.006175,1.438298,1.883621,1.000000,1.296006,0.004200
3.1000,0.901482,0.006119,1.442512,1.888331,1.000000,1.295530,0.004125
3.1500,0.899632,0.006060,1.446496,1.892747,1.000000,1.295071,0.004048
3.2000,0.897806,0.005999,1.450261,1.896880,1.000000,1.294629,0.003972
3.2500,0.896004,0.005934,1.453815,1.900744,1.000000,1.294205,0.003895
3.3000,0.894229,0.005868,1.457168,1.904352,1.000000,1.293797,0.003818
3.3500,0.892484,0.005799,1.460328,1.907714,1.000000,1.293408,0.003741
3.4000,0.890770,0.005728,1.463303,1.910844,1.000000,1.293036,0.003664
3.4500,0.889088,0.005656,1.466101,1.913752,1.000000,1.292682,0.003588
3.5000,0.887442,0.005581,1.468730,1.916448,1.000000,1.292346,0.003512
3.5500,0.885833,0.005505,1.471198,1.918944,1.000000,1.292028,0.003437
3.6000,0.884262,0.005428,1.473512,1.921250,1.000000,1.291728,0.003363
3.6500,0.882731,0.005349,1.475680,1.923376,1.000000,1.291446,0.003289
3.7000,0.881243,0.005270,1.477707,1.925331,1.000000,1.291183,0.003217
3.7500,0.879799,0.005189,1.479600,1.927124,1.000000,1.290937,0.003146
3.8000,0.878400,0.005108,1.481367,1.928765,1.000000,1.290710,0.003077
3.8500,0.877048,0.005027,1.483013,1.930262,1.000000,1.290501,0.003008
3.9000,0.875744,0.004945,1.484544,1.931623,1.000000,1.290311,0.002942
3.9500,0.874490,0.004863,1.485966,1.932857,1.000000,1.290138,0.002876
4.0000,0.873286,0.004780,1.487285,1.933972,1.000000,1.289983,0.002813
4.0500,0.872134,0.004698,1.488506,1.934974,1.000000,1.289847,0.002750
4.1000,0.871035,0.004617,1.489635,1.935872,1.000000,1.289728,0.002690
4.1500,0.869989,0.004535,1.490676,1.936671,1.000000,1.289626,0.002630
4.2000,0.868998,0.004454,1.491634,1.937380,1.000000,1.289543,0.002572
4.2500,0.868060,0.004373,1.492515,1.938005,1.000000,1.289477,0.002514
4.3000,0.867177,0.004293,1.493322,1.938551,1.000000,1.289428,0.002457
4.3500,0.866348,0.004213,1.494061,1.939024,1.000000,1.289396,0.002400
4.4000,0.865573,0.004134,1.494734,1.939431,1.000000,1.289382,0.002342
4.4500,0.864851,0.004055,1.495347,1.939776,1.000000,1.289385,0.002284
4.5000,0.864180,0.003976,1.495902,1.940065,1.000000,1.289405,0.002223
4.5500,0.863560,0.003896,1.496404,1.940303,1.000000,1.289442,0.002161
4.6000,0.862988,0.003817,1.496855,1.940494,1.000000,1.289496,0.002095
4.6500,0.862461,0.003736,1.497259,1.940642,1.000000,1.289568,0.002025
4.7000,0.861976,0.003654,1.497618,1.940750,1.000000,1.289656,0.001950
4.7500,0.861530,0.003571,1.497934,1.940824,1.000000,1.289761,0.001869
4.8000,0.861118,0.003486,1.498211,1.940864,1.000000,1.289884,0.001782
4.8500,0.860733,0.003399,1.498449,1.940875,1.000000,1.290022,0.001689
4.9000,0.860371,0.003308,1.498650,1.940857,1.000000,1.290175,0.001590
4.9500,0.860024,0.003215,1.498816,1.940813,1.000000,1.290343,0.001487
5.0000,0.859684,0.003119,1.498946,1.940743,1.000000,1.290522,0.001382
5.0500,0.859341,0.003020,1.499042,1.940647,1.000000,1.290710,0.001278
5.1000,0.858985,0.002920,1.499102,1.940524,1.000000,1.290902,0.001183
5.1500,0.858603,0.002819,1.499126,1.940372,1.000000,1.291091,0.001104
5.2000,0.858183,0.002721,1.499113,1.940188,1.000000,1.291266,0.001054
5.2500,0.857710,0.002629,1.499060,1.939967,1.000000,1.291416,0.001049
5.3000,0.857168,0.002549,1.498964,1.939702,1.000000,1.291522,0.001111
5.3500,0.856538,0.002488,1.498822,1.939384,1.000000,1.291560,0.001268
5.4000,0.855800,0.002456,1.498629,1.939001,1.000000,1.291499,0.001556
5.4500,0.854933,0.002467,1.498379,1.938539,1.000000,1.291299,0.002018
5.5000,0.853914,0.002538,1.498068,1.937979,1.000000,1.290909,0.002710
5.5500,0.852715,0.002690,1.497686,1.937298,1.000000,1.290265,0.003699
5.6000,0.851310,0.002951,1.497225,1.936467,1.000000,1.289289,0.005062
5.6500,0.849669,0.003355,1.496676,1.935452,1.000000,1.287884,0.006893
5.7000,0.847758,0.003942,1.496027,1.934210,1.000000,1.285935,0.009299
5.7500,0.845544,0.004762,1.495267,1.932693,1.000000,1.283310,0.012404
5.8000,0.842988,0.005870,1.494379,1.930841,1.000000,1.279855,0.016344
5.8500,0.840051,0.007335,1.493351,1.928588,1.000000,1.275398,0.021271
5.9000,0.836690,0.009233,1.492164,1.925857,1.000000,1.269753,0.027349
5.9500,0.832861,0.011651,1.490799,1.922559,1.000000,1.262725,0.034751
6.0000,0.828516,0.014684,1.489237,1.918601,1.000000,1.254118,0.043656
6.0500,0.823605,0.018439,1.487455,1.913878,1.000000,1.243747,0.054242
6.1000,0.818078,0.023029,1.485431,1.908283,1.000000,1.231447,0.066682
6.1500,0.811880,0.028574,1.483138,1.901704,1.000000,1.217092,0.081135
6.2000,0.804956,0.035197,1.480551,1.894031,1.000000,1.200606,0.097734
6.2500,0.797252,0.043022,1.477642,1.885160,1.000000,1.181973,0.116582
6.3000,0.788712,0.052170,1.474381,1.874995,1.000000,1.161243,0.137735
6.3500,0.779281,0.062753,1.470739,1.863455,1.000000,1.138538,0.161194
6.4000,0.768907,0.074870,1.466686,1.850473,1.000000,1.114043,0.186890
6.4500,0.757542,0.088601,1.462191,1.836006,1.000000,1.088000,0.214679
6.5000,0.745142,0.103999,1.457225,1.820029,1.000000,1.060695,0.244329
6.5500,0.731671,0.121086,1.451758,1.802541,1.000000,1.032440,0.275512
6.6000,0.717100,0.139846,1.445763,1.783563,1.000000,1.003561,0.307803
6.6500,0.701414,0.160215,1.439215,1.763137,1.000000,0.974384,0.340678
6.7000,0.684609,0.182084,1.432090,1.741323,1.000000,0.945223,0.373518
6.7500,0.666698,0.205285,1.424371,1.718199,1.000000,0.916374,0.405619
6.8000,0.647708,0.229596,1.416043,1.693857,1.000000,0.888109,0.436205
6.8500,0.627690,0.254738,1.407097,1.668402,1.000000,0.860673,0.464450
6.9000,0.606713,0.280374,1.397529,1.641948,1.000000,0.834284,0.489499
6.9500,0.584870,0.306118,1.387343,1.614617,1.000000,0.809134,0.510504
7.0000,0.562275,0.331537,1.376549,1.586535,1.000000,0.785389,0.526653
7.0500,0.539065,0.356164,1.365165,1.557834,1.000000,0.763193,0.537208
7.1000,0.515401,0.379508,1.353217,1.528644,1.000000,0.742669,0.541543
7.1500,0.491465,0.401069,1.340738,1.499099,1.000000,0.723922,0.539179
7.2000,0.467456,0.420357,1.327771,1.469330,1.000000,0.707041,0.529822
7.2500,0.443591,0.436904,1.314366,1.439466,1.000000,0.692099,0.513387
7.3000,0.420101,0.450290,1.300579,1.409633,1.000000,0.679160,0.490027
7.3500,0.397225,0.460158,1.286475,1.379955,1.000000,0.668276,0.460141
7.4000,0.375209,0.466231,1.272126,1.350550,1.000000,0.659490,0.424383
7.4500,0.354299,0.468330,1.257607,1.321531,1.000000,0.652834,0.383651
7.5000,0.334739,0.466386,1.243002,1.293010,1.000000,0.648334,0.339072
7.5500,0.316766,0.460452,1.228394,1.265089,1.000000,0.646005,0.291966
7.6000,0.300604,0.450705,1.213874,1.237870,1.000000,0.645848,0.243809
7.6500,0.286464,0.437448,1.199531,1.211447,1.000000,0.647851,0.196183
7.7000,0.274537,0.421108,1.185457,1.185910,1.000000,0.651980,0.150709
7.7500,0.264994,0.402220,1.171744,1.161345,1.000000,0.658171,0.108996
7.8000,0.257981,0.381420,1.158482,1.137832,1.000000,0.666327,0.072565
7.8500,0.253617,0.359418,1.145759,1.115446,1.000000,0.676302,0.042791
7.9000,0.251995,0.336981,1.133660,1.094256,1.000000,0.687888,0.020843
7.9500,0.253178,0.314902,1.122263,1.074323,1.000000,0.700805,0.007629
8.0000,0.257196,0.293975,1.111644,1.055701,1.000000,0.714683,0.003759
8.0500,0.264051,0.274965,1.101870,1.038433,1.000000,0.729057,0.009516
8.1000,0.273709,0.258578,1.093000,1.022549,1.000000,0.743363,0.024839
8.1500,0.286106,0.245440,1.085084,1.008063,1.000000,0.756950,0.049326
8.2000,0.301144,0.236070,1.078164,0.994967,1.000000,0.769117,0.082251
8.2500,0.318695,0.230862,1.072268,0.983232,1.000000,0.779164,0.122593
8.3000,0.338597,0.230073,1.067416,0.972802,1.000000,0.786467,0.169080
8.3500,0.360661,0.233814,1.063615,0.963594,1.000000,0.790566,0.220241
8.4000,0.384670,0.242048,1.060860,0.955504,1.000000,0.791226,0.274466
8.4500,0.410384,0.254591,1.059137,0.948410,1.000000,0.788476,0.330077
8.5000,0.437542,0.271128,1.058420,0.942182,1.000000,0.782597,0.385386
8.5500,0.465867,0.291218,1.058674,0.936689,1.000000,0.774067,0.438764
8.6000,0.495074,0.314322,1.059859,0.931814,1.000000,0.763487,0.488701
8.6500,0.524871,0.339818,1.061923,0.927453,1.000000,0.751500,0.533853
8.7000,0.554968,0.367025,1.064814,0.923520,1.000000,0.738726,0.573086
8.7500,0.585080,0.395233,1.068475,0.919954,1.000000,0.725722,0.605507
8.8000,0.614937,0.423722,1.072846,0.916709,1.000000,0.712952,0.630480
8.8500,0.644284,0.451788,1.077868,0.913760,1.000000,0.700790,0.647635
8.9000,0.672891,0.478768,1.083484,0.911094,1.000000,0.689522,0.656859
8.9500,0.700551,0.504051,1.089637,0.908714,1.000000,0.679357,0.658287
9.0000,0.727089,0.527101,1.096274,0.906629,1.000000,0.670440,0.652270
9.0500,0.752357,0.547465,1.103348,0.904857,1.000000,0.662867,0.639351
9.1000,0.776242,0.564781,1.110813,0.903421,1.000000,0.656693,0.620225
9.1500,0.798660,0.578782,1.118629,0.902348,1.000000,0.651945,0.595704
9.2000,0.819558,0.589298,1.126761,0.901668,1.000000,0.648627,0.566674
9.2500,0.838910,0.596251,1.135179,0.901411,1.000000,0.646729,0.534060
9.3000,0.856717,0.599648,1.143856,0.901609,1.000000,0.646226,0.498791
9.3500,0.873003,0.599577,1.152770,0.902295,1.000000,0.647089,0.461767
9.4000,0.887811,0.596191,1.161902,0.903502,1.000000,0.649280,0.423835
9.4500,0.901199,0.589702,1.171238,0.905260,1.000000,0.652756,0.385766
9.5000,0.913239,0.580368,1.180762,0.907600,1.000000,0.657474,0.348240
9.5500,0.924012,0.568480,1.190404,0.910508,1.000000,0.663383,0.311841
9.6000,0.933604,0.554349,1.199845,0.913783,1.000000,0.670434,0.277043
9.6500,0.942108,0.538299,1.209102,0.917473,1.000000,0.678573,0.244220
9.7000,0.949613,0.520658,1.218194,0.921621,1.000000,0.687744,0.213644
9.7500,0.956212,0.501744,1.227138,0.926268,1.000000,0.697888,0.185492
9.8000,0.961992,0.481864,1.235951,0.931453,1.000000,0.708944,0.159858
9.8500,0.967039,0.461305,1.244648,0.937207,1.000000,0.720847,0.136765
9.9000,0.971432,0.440332,1.253242,0.943561,1.000000,0.733533,0.116170
9.9500,0.975244,0.419183,1.261743,0.950541,1.000000,0.746932,0.097983
10.0000,0.978546,0.398070,1.270162,0.958168,1.000000,0.760974,0.082074
10.0500,0.981399,0.377175,1.278504,0.966458,1.000000,0.775586,0.068287
10.1000,0.983860,0.356655,1.286776,0.975423,1.000000,0.790697,0.056447
10.1500,0.985980,0.336638,1.294981,0.985070,1.000000,0.806231,0.046368
10.2000,0.987803,0.317228,1.303120,0.995400,1.000000,0.822117,0.037865
10.2500,0.989371,0.298506,1.311192,1.006413,1.000000,0.838280,0.030752
10.3000,0.990718,0.280531,1.319196,1.018099,1.000000,0.854650,0.024855
10.3500,0.991874,0.263346,1.327130,1.030447,1.000000,0.871157,0.020006
10.4000,0.992868,0.246975,1.334990,1.043440,1.000000,0.887734,0.016056
10.4500,0.993721,0.231430,1.342771,1.057058,1.000000,0.904317,0.012864
10.5000,0.994455,0.216711,1.350469,1.071276,1.000000,0.920847,0.010310
10.5500,0.995086,0.202807,1.358079,1.086066,1.000000,0.937267,0.008283
10.6000,0.995629,0.189703,1.365594,1.101397,1.000000,0.953525,0.006692
10.6500,0.996097,0.177376,1.373010,1.117237,1.000000,0.969574,0.005454
10.7000,0.996500,0.165797,1.380321,1.133549,1.000000,0.985371,0.004501
10.7500,0.996848,0.154936,1.387523,1.150296,1.000000,1.000878,0.003777
10.8000,0.997149,0.144760,1.394610,1.167441,1.000000,1.016061,0.003232
10.8500,0.997409,0.135237,1.401578,1.184945,1.000000,1.030892,0.002830
10.9000,0.997634,0.126330,1.408423,1.202768,1.000000,1.045345,0.002536
10.9500,0.997828,0.118007,1.415142,1.220871,1.000000,1.059400,0.002327
11.0000,0.997996,0.110232,1.421732,1.239216,1.000000,1.073039,0.002182
11.0500,0.998142,0.102974,1.428190,1.257763,1.000000,1.086250,0.002084
11.1000,0.998267,0.096200,1.434514,1.276476,1.000000,1.099022,0.002021
11.1500,0.998374,0.089880,1.440703,1.295318,1.000000,1.111348,0.001984
11.2000,0.998466,0.083985,1.446755,1.314253,1.000000,1.123224,0.001965
11.2500,0.998545,0.078487,1.452670,1.333249,1.000000,1.134648,0.001959
11.3000,0.998610,0.073361,1.458448,1.352272,1.000000,1.145620,0.001963
11.3500,0.998665,0.068582,1.464088,1.371290,1.000000,1.156144,0.001972
11.4000,0.998710,0.064126,1.469591,1.390276,1.000000,1.166222,0.001985
11.4500,0.998745,0.059973,1.474958,1.409200,1.000000,1.175860,0.002001
11.5000,0.998771,0.056101,1.480190,1.428036,1.000000,1.185067,0.002019
11.5500,0.998789,0.052493,1.485287,1.446760,1.000000,1.193849,0.002038
11.6000,0.998800,0.049130,1.490252,1.465348,1.000000,1.202215,0.002058
11.6500,0.998802,0.045995,1.495086,1.483779,1.000000,1.210177,0.002079
11.7000,0.998798,0.043074,1.499792,1.502033,1.000000,1.217744,0.002101
11.7500,0.998786,0.040353,1.504370,1.520091,1.000000,1.224927,0.002124
11.8000,0.998767,0.037817,1.508822,1.537936,1.000000,1.231739,0.002149
11.8500,0.998741,0.035455,1.513153,1.555552,1.000000,1.238191,0.002175
11.9000,0.998707,0.033254,1.517362,1.572925,1.000000,1.244295,0.002203
11.9500,0.998666,0.031205,1.521453,1.590043,1.000000,1.250065,0.002232
12.0000,0.998617,0.029297,1.525428,1.606893,1.000000,1.255511,0.002264
12.0500,0.998560,0.027520,1.529290,1.623465,1.000000,1.260647,0.002298
12.1000,0.998495,0.025867,1.533041,1.639751,1.000000,1.265484,0.002334
12.1500,0.998420,0.024328,1.536682,1.655741,1.000000,1.270036,0.002373
12.2000,0.998336,0.022897,1.540218,1.671429,1.000000,1.274314,0.002413
12.2500,0.998243,0.021567,1.543650,1.686808,1.000000,1.278330,0.002457
12.3000,0.998138,0.020330,1.546980,1.701874,1.000000,1.282095,0.002503
12.3500,0.998023,0.019181,1.550211,1.716623,1.000000,1.285620,0.002551
12.4000,0.997897,0.018114,1.553345,1.731051,1.000000,1.288918,0.002602
12.4500,0.997758,0.017124,1.556385,1.745155,1.000000,1.291998,0.002655
12.5000,0.997605,0.016205,1.559333,1.758934,1.000000,1.294870,0.002711
12.5500,0.997440,0.015353,1.562191,1.772386,1.000000,1.297544,0.002768
12.6000,0.997259,0.014564,1.564961,1.785512,1.000000,1.300031,0.002828
12.6500,0.997064,0.013834,1.567646,1.798311,1.000000,1.302339,0.002891
12.7000,0.996852,0.013159,1.570247,1.810784,1.000000,1.304478,0.002955
12.7500,0.996624,0.012535,1.572767,1.822932,1.000000,1.306455,0.003021
12.8000,0.996378,0.011959,1.575208,1.834756,1.000000,1.308278,0.003089
12.8500,0.996113,0.011428,1.577571,1.846259,1.000000,1.309957,0.003158
12.9000,0.995829,0.010939,1.579859,1.857444,1.000000,1.311497,0.003229
12.9500,0.995524,0.010490,1.582073,1.868313,1.000000,1.312906,0.003301
13.0000,0.995198,0.010077,1.584216,1.878869,1.000000,1.314191,0.003374
13.0500,0.994850,0.009699,1.586288,1.889115,1.000000,1.315359,0.003449
13.1000,0.994478,0.009352,1.588292,1.899056,1.000000,1.316414,0.003524
13.1500,0.994083,0.009036,1.590230,1.908695,1.000000,1.317364,0.003600
13.2000,0.993663,0.008748,1.592103,1.918037,1.000000,1.318214,0.003676
13.2500,0.993217,0.008486,1.593913,1.927085,1.000000,1.318968,0.003753
13.3000,0.992745,0.008248,1.595661,1.935844,1.000000,1.319633,0.003830
13.3500,0.992245,0.008033,1.597349,1.944320,1.000000,1.320212,0.003907
13.4000,0.991717,0.007839,1.598978,1.952515,1.000000,1.320711,0.003984
13.4500,0.991159,0.007666,1.600550,1.960437,1.000000,1.321133,0.004060
13.5000,0.990572,0.007510,1.602066,1.968088,1.000000,1.321483,0.004136
13.5500,0.989954,0.007372,1.603527,1.975475,1.000000,1.321764,0.004212
13.6000,0.989305,0.007249,1.604935,1.982602,1.000000,1.321981,0.004287
13.6500,0.988623,0.007141,1.606292,1.989475,1.000000,1.322136,0.004360
13.7000,0.987909,0.007047,1.607597,1.996098,1.000000,1.322233,0.004433
13.7500,0.987161,0.006966,1.608854,2.002478,1.000000,1.322275,0.004504
13.8000,0.986379,0.006896,1.610062,2.008617,1.000000,1.322265,0.004574
13.8500,0.985563,0.006836,1.611222,2.014524,1.000000,1.322206,0.004642
13.9000,0.984711,0.006787,1.612337,2.020201,1.000000,1.322101,0.004708
13.9500,0.983824,0.006746,1.613407,2.025654,1.000000,1.321952,0.004773
14.0000,0.982901,0.006714,1.614434,2.030889,1.000000,1.321763,0.004835
14.0500,0.981941,0.006689,1.615417,2.035911,1.000000,1.321534,0.004895
14.1000,0.980945,0.006671,1.616359,2.040724,1.000000,1.321269,0.004953
14.1500,0.979912,0.006659,1.617260,2.045334,1.000000,1.320969,0.005009
14.2000,0.978842,0.006652,1.618121,2.049746,1.000000,1.320638,0.005062
14.2500,0.977734,0.006651,1.618944,2.053964,1.000000,1.320276,0.005112
14.3000,0.976590,0.006653,1.619729,2.057993,1.000000,1.319885,0.005159
14.3500,0.975408,0.006659,1.620477,2.061839,1.000000,1.319468,0.005204
14.4000,0.974189,0.006669,1.621189,2.065506,1.000000,1.319027,0.005245
14.4500,0.972933,0.006681,1.621865,2.068999,1.000000,1.318562,0.005284
14.5000,0.971640,0.006695,1.622508,2.072322,1.000000,1.318076,0.005319
14.5500,0.970311,0.006712,1.623117,2.075480,1.000000,1.317571,0.005351
14.6000,0.968945,0.006729,1.623694,2.078479,1.000000,1.317047,0.005379
14.6500,0.967544,0.006748,1.624239,2.081321,1.000000,1.316506,0.005405
14.7000,0.966107,0.006767,1.624753,2.084012,1.000000,1.315950,0.005426
14.7500,0.964635,0.006787,1.625237,2.086556,1.000000,1.315380,0.005445
14.8000,0.963130,0.006807,1.625692,2.088958,1.000000,1.314797,0.005460
14.8500,0.961591,0.006826,1.626118,2.091222,1.000000,1.314204,0.005471
14.9000,0.960019,0.006844,1.626517,2.093351,1.000000,1.313600,0.005478
14.9500,0.958415,0.006862,1.626889,2.095350,1.000000,1.312987,0.005482
15.0000,0.956780,0.006879,1.627134,2.097095,1.000000,1.312367,0.005483
15.0500,0.955116,0.006894,1.627233,2.098560,1.000000,1.311740,0.005479
15.1000,0.953422,0.006907,1.627191,2.099757,1.000000,1.311108,0.005473
15.1500,0.951701,0.006919,1.627013,2.100695,1.000000,1.310472,0.005462
15.2000,0.949953,0.006929,1.626705,2.101383,1.000000,1.309832,0.005448
15.2500,0.948179,0.006936,1.626270,2.101831,1.000000,1.309190,0.005431
15.3000,0.946382,0.006941,1.625714,2.102047,1.000000,1.308548,0.005410
15.3500,0.944562,0.006944,1.625042,2.102042,1.000000,1.307905,0.005385
15.4000,0.942720,0.006944,1.624259,2.101822,1.000000,1.307262,0.005357
15.4500,0.940859,0.006941,1.623369,2.101398,1.000000,1.306622,0.005326
15.5000,0.938979,0.006936,1.622377,2.100777,1.000000,1.305984,0.005291
15.5500,0.937083,0.006927,1.621286,2.099969,1.000000,1.305349,0.005254
15.6000,0.935172,0.006916,1.620103,2.098980,1.000000,1.304719,0.005213
15.6500,0.933247,0.006901,1.618830,2.097820,1.000000,1.304093,0.005169
15.7000,0.931311,0.006884,1.617472,2.096497,1.000000,1.303474,0.005122
15.7500,0.929365,0.006863,1.616034,2.095017,1.000000,1.302861,0.005072
15.8000,0.927411,0.006839,1.614518,2.093389,1.000000,1.302255,0.005020
15.8500,0.925451,0.006812,1.612930,2.091620,1.000000,1.301658,0.004965
15.9000,0.923486,0.006781,1.611274,2.089718,1.000000,1.301069,0.004908
15.9500,0.921520,0.006748,1.609552,2.087689,1.000000,1.300489,0.004848
16.0000,0.919553,0.006711,1.607769,2.085542,1.000000,1.299920,0.004786
16.0500,0.917588,0.006671,1.605929,2.083282,1.000000,1.299361,0.004722
16.1000,0.915626,0.006628,1.604035,2.080917,1.000000,1.298813,0.004656
16.1500,0.913670,0.006582,1.602091,2.078453,1.000000,1.298278,0.004588
16.2000,0.911722,0.006533,1.600101,2.075897,1.000000,1.297754,0.004519
16.2500,0.909784,0.006482,1.598067,2.073256,1.000000,1.297243,0.004448
16.3000,0.907858,0.006427,1.595993,2.070535,1.000000,1.296745,0.004376
16.3500,0.905946,0.006370,1.593883,2.067741,1.000000,1.296262,0.004302
16.4000,0.904049,0.006310,1.591740,2.064880,1.000000,1.295792,0.004228
16.4500,0.902171,0.006247,1.589567,2.061957,1.000000,1.295337,0.004153
16.5000,0.900314,0.006182,1.587367,2.058979,1.000000,1.294896,0.004077
16.5500,0.898478,0.006115,1.585143,2.055952,1.000000,1.294471,0.004000
16.6000,0.896667,0.006045,1.582898,2.052880,1.000000,1.294062,0.003923
16.6500,0.894883,0.005974,1.580636,2.049769,1.000000,1.293668,0.003846
16.7000,0.893127,0.005900,1.578360,2.046625,1.000000,1.293291,0.003769
16.7500,0.891401,0.005825,1.576071,2.043453,1.000000,1.292930,0.003692
16.8000,0.889708,0.005748,1.573773,2.040258,1.000000,1.292586,0.003616
16.8500,0.888049,0.005670,1.571469,2.037044,1.000000,1.292259,0.003540
16.9000,0.886426,0.005591,1.569161,2.033817,1.000000,1.291949,0.003465
16.9500,0.884842,0.005510,1.566852,2.030581,1.000000,1.291656,0.003390
17.0000,0.883298,0.005428,1.564545,2.027341,1.000000,1.291380,0.003317
17.0500,0.881796,0.005346,1.562242,2.024102,1.000000,1.291122,0.003244
17.1000,0.880337,0.005262,1.559946,2.020867,1.000000,1.290881,0.003173
17.1500,0.878924,0.005179,1.557658,2.017642,1.000000,1.290658,0.003104
17.2000,0.877558,0.005095,1.555382,2.014429,1.000000,1.290452,0.003036
17.2500,0.876241,0.005011,1.553120,2.011234,1.000000,1.290265,0.002970
17.3000,0.874974,0.004927,1.550874,2.008061,1.000000,1.290094,0.002906
17.3500,0.873759,0.004843,1.548645,2.004912,1.000000,1.289942,0.002844
17.4000,0.872597,0.004760,1.546438,2.001792,1.000000,1.289807,0.002784
17.4500,0.871490,0.004677,1.544252,1.998704,1.000000,1.289689,0.002726
17.5000,0.870439,0.004595,1.542092,1.995652,1.000000,1.289589,0.002671
17.5500,0.869446,0.004514,1.539957,1.992639,1.000000,1.289507,0.002619
17.6000,0.868510,0.004434,1.537852,1.989669,1.000000,1.289441,0.002569
17.6500,0.867635,0.004356,1.535776,1.986745,1.000000,1.289393,0.002522
17.7000,0.866820,0.004278,1.533733,1.983869,1.000000,1.289361,0.002478
17.7500,0.866067,0.004203,1.531724,1.981046,1.000000,1.289346,0.002437
17.8000,0.865377,0.004129,1.529751,1.978277,1.000000,1.289348,0.002399
17.8500,0.864750,0.004057,1.527816,1.975565,1.000000,1.289365,0.002364
17.9000,0.864187,0.003987,1.525919,1.972914,1.000000,1.289399,0.002333
17.9500,0.863690,0.003920,1.524064,1.970326,1.000000,1.289449,0.002305
18.0000,0.863258,0.003855,1.522250,1.967802,1.000000,1.289514,0.002280
18.0500,0.862892,0.003792,1.520481,1.965347,1.000000,1.289595,0.002259
18.1000,0.862593,0.003732,1.518757,1.962961,1.000000,1.289690,0.002241
18.1500,0.862360,0.003675,1.517079,1.960648,1.000000,1.289801,0.002227
18.2000,0.862195,0.003621,1.515450,1.958409,1.000000,1.289925,0.002216
18.2500,0.862097,0.003570,1.513870,1.956246,1.000000,1.290064,0.002209
18.3000,0.862067,0.003522,1.512341,1.954161,1.000000,1.290217,0.002206
18.3500,0.862104,0.003477,1.510864,1.952157,1.000000,1.290382,0.002206
18.4000,0.862209,0.003436,1.509440,1.950234,1.000000,1.290561,0.002210
18.4500,0.862381,0.003398,1.508069,1.948395,1.000000,1.290753,0.002217
18.5000,0.862621,0.003364,1.506755,1.946641,1.000000,1.290957,0.002228
18.5500,0.862927,0.003333,1.505496,1.944974,1.000000,1.291173,0.002243
18.6000,0.863300,0.003306,1.504295,1.943395,1.000000,1.291401,0.002261
18.6500,0.863739,0.003282,1.503152,1.941905,1.000000,1.291640,0.002283
18.7000,0.864243,0.003263,1.502068,1.940505,1.000000,1.291890,0.002308
18.7500,0.864812,0.003247,1.501044,1.939198,1.000000,1.292150,0.002336
18.8000,0.865446,0.003235,1.500080,1.937983,1.000000,1.292421,0.002368
18.8500,0.866143,0.003227,1.499179,1.936862,1.000000,1.292701,0.002403
18.9000,0.866902,0.003223,1.498339,1.935835,1.000000,1.292990,0.002441
18.9500,0.867723,0.003222,1.497562,1.934905,1.000000,1.293289,0.002482
19.0000,0.868605,0.003226,1.496849,1.934070,1.000000,1.293596,0.002527
19.0500,0.869546,0.003233,1.496199,1.933333,1.000000,1.293911,0.002574
19.1000,0.870546,0.003245,1.495615,1.932693,1.000000,1.294235,0.002624
19.1500,0.871603,0.003260,1.495095,1.932152,1.000000,1.294565,0.002677
19.2000,0.872716,0.003279,1.494641,1.931709,1.000000,1.294903,0.002732
19.2500,0.873883,0.003302,1.494252,1.931365,1.000000,1.295247,0.002790
19.3000,0.875103,0.003328,1.493930,1.931121,1.000000,1.295598,0.002850
19.3500,0.876376,0.003358,1.493674,1.930976,1.000000,1.295955,0.002912
19.4000,0.877698,0.003392,1.493485,1.930931,1.000000,1.296317,0.002977
19.4500,0.879069,0.003429,1.493363,1.930986,1.000000,1.296685,0.003043
19.5000,0.880487,0.003470,1.493309,1.931141,1.000000,1.297057,0.003111
19.5500,0.881950,0.003514,1.493321,1.931396,1.000000,1.297434,0.003181
19.6000,0.883457,0.003562,1.493401,1.931752,1.000000,1.297816,0.003252
19.6500,0.885005,0.003612,1.493548,1.932206,1.000000,1.298201,0.003324
19.7000,0.886593,0.003666,1.493763,1.932761,1.000000,1.298590,0.003398
19.7500,0.888220,0.003722,1.494046,1.933415,1.000000,1.298983,0.003472
19.8000,0.889882,0.003781,1.494395,1.934168,1.000000,1.299378,0.003548
19.8500,0.891579,0.003843,1.494812,1.935019,1.000000,1.299776,0.003624
19.9000,0.893308,0.003907,1.495296,1.935969,1.000000,1.300177,0.003700
19.9500,0.895067,0.003974,1.495847,1.937017,1.000000,1.300580,0.003777
20.0000,0.896854,0.004043,1.496465,1.938162,1.000000,1.300985,0.003854
